


create database AI_User

CREATE TABLE Users (
    user_id INT PRIMARY KEY,
    full_name VARCHAR(100) NOT NULL,
    email VARCHAR(100) UNIQUE NOT NULL,
    country VARCHAR(50),
    signup_date DATE,
    subscription_type VARCHAR(20),
    status VARCHAR(20)
);
INSERT INTO Users Values
(1,'Rahul Sharma','rahul.sharma@gmail.com','India','2025-01-01','Premium','Active'),
(2,'Priya Patel','priya.patel@gmail.com','India','2025-01-02','Free','Active'),
(3,'Amit Verma','amit.verma@gmail.com','India','2025-01-03','Premium','Inactive'),
(4,'Sneha Joshi','sneha.joshi@gmail.com','India','2025-01-04','Enterprise','Active'),
(5,'Rohit Mehta','rohit.mehta@gmail.com','India','2025-01-05','Premium','Active'),
(6,'Neha Gupta','neha.gupta@gmail.com','India','2025-01-06','Free','Active'),
(7,'Karan Singh','karan.singh@gmail.com','India','2025-01-07','Premium','Inactive'),
(8,'Pooja Nair','pooja.nair@gmail.com','India','2025-01-08','Enterprise','Active'),
(9,'Vikram Rao','vikram.rao@gmail.com','India','2025-01-09','Premium','Active'),
(10,'Anjali Desai','anjali.desai@gmail.com','India','2025-01-10','Free','Active'),
(11,'John Smith','john.smith@gmail.com','USA','2025-01-11','Premium','Active'),
(12,'Emily Johnson','emily.johnson@gmail.com','USA','2025-01-12','Enterprise','Active'),
(13,'Michael Brown','michael.brown@gmail.com','USA','2025-01-13','Free','Inactive'),
(14,'Sarah Davis','sarah.davis@gmail.com','USA','2025-01-14','Premium','Active'),
(15,'David Wilson','david.wilson@gmail.com','USA','2025-01-15','Premium','Active'),
(16,'Olivia Moore','olivia.moore@gmail.com','Canada','2025-01-16','Enterprise','Active'),
(17,'James Taylor','james.taylor@gmail.com','Canada','2025-01-17','Free','Inactive'),
(18,'Sophia Anderson','sophia.anderson@gmail.com','Canada','2025-01-18','Premium','Active'),
(19,'Daniel Thomas','daniel.thomas@gmail.com','Canada','2025-01-19','Premium','Active'),
(20,'Emma Martin','emma.martin@gmail.com','Canada','2025-01-20','Enterprise','Active'),
(21,'William Clark','william.clark@gmail.com','UK','2025-01-21','Premium','Active'),
(22,'Charlotte Lewis','charlotte.lewis@gmail.com','UK','2025-01-22','Free','Active'),
(23,'Benjamin Walker','benjamin.walker@gmail.com','UK','2025-01-23','Enterprise','Inactive'),
(24,'Amelia Hall','amelia.hall@gmail.com','UK','2025-01-24','Premium','Active'),
(25,'Lucas Allen','lucas.allen@gmail.com','Australia','2025-01-25','Free','Active'),
(26,'Ava Young','ava.young@gmail.com','Australia','2025-01-26','Premium','Active'),
(27,'Ethan King','ethan.king@gmail.com','Australia','2025-01-27','Enterprise','Active'),
(28,'Mia Scott','mia.scott@gmail.com','Australia','2025-01-28','Free','Inactive'),
(29,'Noah Green','noah.green@gmail.com','Australia','2025-01-29','Premium','Active'),
(30,'Isabella Adams','isabella.adams@gmail.com','Australia','2025-01-30','Premium','Active'),
(31,'Arjun Reddy','arjun.reddy@gmail.com','India','2025-01-31','Enterprise','Active'),
(32,'Meera Iyer','meera.iyer@gmail.com','India','2025-02-01','Free','Active'),
(33,'Nikhil Kapoor','nikhil.kapoor@gmail.com','India','2025-02-02','Premium','Inactive'),
(34,'Riya Sharma','riya.sharma@gmail.com','India','2025-02-03','Premium','Active'),
(35,'Aditya Kulkarni','aditya.kulkarni@gmail.com','India','2025-02-04','Enterprise','Active'),
(36,'Harsh Jain','harsh.jain@gmail.com','India','2025-02-05','Free','Active'),
(37,'Simran Kaur','simran.kaur@gmail.com','India','2025-02-06','Premium','Active'),
(38,'Yash Patil','yash.patil@gmail.com','India','2025-02-07','Enterprise','Inactive'),
(39,'Kavya Menon','kavya.menon@gmail.com','India','2025-02-08','Premium','Active'),
(40,'Manish Gupta','manish.gupta@gmail.com','India','2025-02-09','Free','Active'),
(41,'Christopher White','christopher.white@gmail.com','USA','2025-02-10','Premium','Active'),
(42,'Abigail Harris','abigail.harris@gmail.com','USA','2025-02-11','Enterprise','Active'),
(43,'Matthew Martin','matthew.martin@gmail.com','USA','2025-02-12','Free','Inactive'),
(44,'Elizabeth Thompson','elizabeth.thompson@gmail.com','USA','2025-02-13','Premium','Active'),
(45,'Andrew Garcia','andrew.garcia@gmail.com','USA','2025-02-14','Premium','Active'),
(46,'Grace Robinson','grace.robinson@gmail.com','Canada','2025-02-15','Enterprise','Active'),
(47,'Joseph Martinez','joseph.martinez@gmail.com','Canada','2025-02-16','Free','Active'),
(48,'Lily Rodriguez','lily.rodriguez@gmail.com','Canada','2025-02-17','Premium','Inactive'),
(49,'Samuel Hernandez','samuel.hernandez@gmail.com','UK','2025-02-18','Premium','Active'),
(50,'Chloe Wright','chloe.wright@gmail.com','Australia','2025-02-19','Enterprise','Active'),
(51,'Aarav Sharma','aarav.sharma@gmail.com','India','2025-02-20','Premium','Active'),
(52,'Diya Patel','diya.patel@gmail.com','India','2025-02-21','Free','Active'),
(53,'Vivaan Singh','vivaan.singh@gmail.com','India','2025-02-22','Enterprise','Inactive'),
(54,'Ananya Gupta','ananya.gupta@gmail.com','India','2025-02-23','Premium','Active'),
(55,'Krishna Mehta','krishna.mehta@gmail.com','India','2025-02-24','Premium','Active'),
(56,'Ishita Joshi','ishita.joshi@gmail.com','India','2025-02-25','Free','Active'),
(57,'Rohan Nair','rohan.nair@gmail.com','India','2025-02-26','Enterprise','Active'),
(58,'Aisha Khan','aisha.khan@gmail.com','India','2025-02-27','Premium','Inactive'),
(59,'Siddharth Rao','siddharth.rao@gmail.com','India','2025-02-28','Premium','Active'),
(60,'Nandini Iyer','nandini.iyer@gmail.com','India','2025-03-01','Free','Active'),
(61,'Jacob Miller','jacob.miller@gmail.com','USA','2025-03-02','Premium','Active'),
(62,'Mason Wilson','mason.wilson@gmail.com','USA','2025-03-03','Enterprise','Active'),
(63,'Evelyn Moore','evelyn.moore@gmail.com','USA','2025-03-04','Free','Inactive'),
(64,'Logan Taylor','logan.taylor@gmail.com','USA','2025-03-05','Premium','Active'),
(65,'Harper Anderson','harper.anderson@gmail.com','USA','2025-03-06','Premium','Active'),
(66,'Alexander Thomas','alexander.thomas@gmail.com','Canada','2025-03-07','Enterprise','Active'),
(67,'Ella Jackson','ella.jackson@gmail.com','Canada','2025-03-08','Free','Active'),
(68,'Henry White','henry.white@gmail.com','Canada','2025-03-09','Premium','Inactive'),
(69,'Scarlett Harris','scarlett.harris@gmail.com','Canada','2025-03-10','Premium','Active'),
(70,'Sebastian Martin','sebastian.martin@gmail.com','UK','2025-03-11','Enterprise','Active'),
(71,'Zoe Thompson','zoe.thompson@gmail.com','UK','2025-03-12','Premium','Active'),
(72,'Jack Garcia','jack.garcia@gmail.com','UK','2025-03-13','Free','Active'),
(73,'Hannah Martinez','hannah.martinez@gmail.com','UK','2025-03-14','Premium','Inactive'),
(74,'Leo Robinson','leo.robinson@gmail.com','Australia','2025-03-15','Enterprise','Active'),
(75,'Victoria Clark','victoria.clark@gmail.com','Australia','2025-03-16','Premium','Active'),
(76,'Ryan Lewis','ryan.lewis@gmail.com','Australia','2025-03-17','Free','Active'),
(77,'Saanvi Kapoor','saanvi.kapoor@gmail.com','India','2025-03-18','Premium','Active'),
(78,'Kabir Malhotra','kabir.malhotra@gmail.com','India','2025-03-19','Enterprise','Inactive'),
(79,'Myra Chawla','myra.chawla@gmail.com','India','2025-03-20','Premium','Active'),
(80,'Dev Agrawal','dev.agrawal@gmail.com','India','2025-03-21','Free','Active'),
(81,'Aditi Bansal','aditi.bansal@gmail.com','India','2025-03-22','Premium','Active'),
(82,'Aryan Mishra','aryan.mishra@gmail.com','India','2025-03-23','Enterprise','Active'),
(83,'Tanvi Saxena','tanvi.saxena@gmail.com','India','2025-03-24','Free','Inactive'),
(84,'Ritvik Sharma','ritvik.sharma@gmail.com','India','2025-03-25','Premium','Active'),
(85,'Muskan Arora','muskan.arora@gmail.com','India','2025-03-26','Enterprise','Active'),
(86,'Nathan Walker','nathan.walker@gmail.com','USA','2025-03-27','Premium','Active'),
(87,'Luna Hall','luna.hall@gmail.com','USA','2025-03-28','Free','Active'),
(88,'Gabriel Allen','gabriel.allen@gmail.com','USA','2025-03-29','Premium','Inactive'),
(89,'Avery Young','avery.young@gmail.com','USA','2025-03-30','Enterprise','Active'),
(90,'Isaac Hernandez','isaac.hernandez@gmail.com','USA','2025-03-31','Premium','Active'),
(91,'Layla King','layla.king@gmail.com','Canada','2025-04-01','Premium','Active'),
(92,'Julian Scott','julian.scott@gmail.com','Canada','2025-04-02','Free','Inactive'),
(93,'Aurora Green','aurora.green@gmail.com','Canada','2025-04-03','Enterprise','Active'),
(94,'Dylan Adams','dylan.adams@gmail.com','UK','2025-04-04','Premium','Active'),
(95,'Penelope Baker','penelope.baker@gmail.com','UK','2025-04-05','Free','Active'),
(96,'Owen Carter','owen.carter@gmail.com','Australia','2025-04-06','Premium','Active'),
(97,'Hazel Mitchell','hazel.mitchell@gmail.com','Australia','2025-04-07','Enterprise','Active'),
(98,'Luke Perez','luke.perez@gmail.com','Australia','2025-04-08','Premium','Inactive'),
(99,'Aria Collins','aria.collins@gmail.com','Australia','2025-04-09','Free','Active'),
(100,'Vihaan Deshmukh','vihaan.deshmukh@gmail.com','India','2025-04-10','Premium','Active');

select * from users

CREATE TABLE AI_Models (
    model_id INT PRIMARY KEY,
    model_name VARCHAR(50) NOT NULL,
    version VARCHAR(20),
    provider VARCHAR(50),
    release_date DATE
);
INSERT INTO AI_Models
VALUES
(1,'GPT-5.5','5.5','OpenAI','2026-01-15'),
(2,'GPT-4.1','4.1','OpenAI','2025-11-20'),
(3,'Gemini 2.5 Pro','2.5','Google','2026-02-10'),
(4,'Claude 4 Opus','4.0','Anthropic','2026-03-05'),
(5,'Claude 4 Sonnet','4.0','Anthropic','2026-03-05'),
(6,'Llama 4 Maverick','4.0','Meta','2026-04-12'),
(7,'Llama 4 Scout','4.0','Meta','2026-04-12'),
(8,'DeepSeek R1','R1','DeepSeek','2026-01-25'),
(9,'Mistral Large','2.0','Mistral AI','2026-02-18'),
(10,'Qwen 3','3.0','Alibaba Cloud','2026-05-01');

select * from AI_Models


CREATE TABLE Conversations (
    conversation_id INT PRIMARY KEY,
    user_id INT,
    model_id INT,
    start_time DATETIME,
    end_time DATETIME,
    duration_seconds INT,
    conversation_status VARCHAR(20),

    FOREIGN KEY (user_id)
        REFERENCES Users(user_id),

    FOREIGN KEY (model_id)
        REFERENCES AI_Models(model_id)
);
INSERT INTO Conversations
(conversation_id, user_id, model_id, start_time, end_time, duration_seconds, conversation_status)
VALUES
(1,1,1,'2026-06-01 09:00:00','2026-06-01 09:06:30',390,'Completed'),
(2,2,3,'2026-06-01 09:20:00','2026-06-01 09:29:00',540,'Completed'),
(3,3,4,'2026-06-01 10:00:00','2026-06-01 10:08:10',490,'Completed'),
(4,4,2,'2026-06-01 10:20:00','2026-06-01 10:26:00',360,'Completed'),
(5,5,1,'2026-06-01 11:00:00','2026-06-01 11:07:45',465,'Completed'),
(6,6,5,'2026-06-01 11:20:00','2026-06-01 11:27:30',450,'Completed'),
(7,7,8,'2026-06-01 12:00:00','2026-06-01 12:05:20',320,'Completed'),
(8,8,6,'2026-06-01 12:30:00','2026-06-01 12:37:40',460,'Completed'),
(9,9,7,'2026-06-01 13:00:00','2026-06-01 13:08:50',530,'Completed'),
(10,10,9,'2026-06-01 13:30:00','2026-06-01 13:36:00',390,'Completed'),
(11,11,10,'2026-06-01 14:00:00','2026-06-01 14:07:15',435,'Completed'),
(12,12,3,'2026-06-01 14:30:00','2026-06-01 14:39:20',560,'Completed'),
(13,13,4,'2026-06-01 15:00:00','2026-06-01 15:06:45',405,'Completed'),
(14,14,2,'2026-06-01 15:30:00','2026-06-01 15:39:40',580,'Completed'),
(15,15,1,'2026-06-01 16:00:00','2026-06-01 16:08:00',480,'Completed'),
(16,16,5,'2026-06-01 16:20:00','2026-06-01 16:27:15',435,'Completed'),
(17,17,6,'2026-06-01 17:00:00','2026-06-01 17:08:30',510,'Completed'),
(18,18,7,'2026-06-01 17:30:00','2026-06-01 17:37:00',420,'Completed'),
(19,19,8,'2026-06-01 18:00:00','2026-06-01 18:09:10',550,'Completed'),
(20,20,9,'2026-06-01 18:30:00','2026-06-01 18:36:20',380,'Completed'),
(21,21,10,'2026-06-01 19:00:00','2026-06-01 19:08:45',525,'Completed'),
(22,22,1,'2026-06-01 19:30:00','2026-06-01 19:35:50',320,'Completed'),
(23,23,2,'2026-06-01 20:00:00','2026-06-01 20:08:40',520,'Completed'),
(24,24,3,'2026-06-01 20:30:00','2026-06-01 20:39:10',520,'Completed'),
(25,25,4,'2026-06-01 21:00:00','2026-06-01 21:07:20',440,'Completed'),
(26,26,5,'2026-06-02 09:00:00','2026-06-02 09:08:30',510,'Completed'),
(27,27,6,'2026-06-02 09:30:00','2026-06-02 09:36:45',375,'Completed'),
(28,28,7,'2026-06-02 10:00:00','2026-06-02 10:07:20',440,'Completed'),
(29,29,8,'2026-06-02 10:30:00','2026-06-02 10:38:15',465,'Completed'),
(30,30,9,'2026-06-02 11:00:00','2026-06-02 11:06:10',370,'Completed'),
(31,31,10,'2026-06-02 11:30:00','2026-06-02 11:39:20',530,'Completed'),
(32,32,1,'2026-06-02 12:00:00','2026-06-02 12:07:30',450,'Completed'),
(33,33,2,'2026-06-02 12:30:00','2026-06-02 12:38:40',490,'Completed'),
(34,34,3,'2026-06-02 13:00:00','2026-06-02 13:08:15',495,'Completed'),
(35,35,4,'2026-06-02 13:30:00','2026-06-02 13:36:20',410,'Completed'),
(36,36,5,'2026-06-02 14:00:00','2026-06-02 14:08:00',480,'Completed'),
(37,37,6,'2026-06-02 14:30:00','2026-06-02 14:39:10',520,'Completed'),
(38,38,7,'2026-06-02 15:00:00','2026-06-02 15:06:45',405,'Completed'),
(39,39,8,'2026-06-02 15:30:00','2026-06-02 15:37:50',440,'Completed'),
(40,40,9,'2026-06-02 16:00:00','2026-06-02 16:08:30',510,'Completed'),
(41,41,10,'2026-06-02 16:30:00','2026-06-02 16:37:10',400,'Completed'),
(42,42,1,'2026-06-02 17:00:00','2026-06-02 17:08:45',525,'Completed'),
(43,43,2,'2026-06-02 17:30:00','2026-06-02 17:36:30',360,'Completed'),
(44,44,3,'2026-06-02 18:00:00','2026-06-02 18:09:20',560,'Completed'),
(45,45,4,'2026-06-02 18:30:00','2026-06-02 18:37:40',460,'Completed'),
(46,46,5,'2026-06-02 19:00:00','2026-06-02 19:08:10',490,'Completed'),
(47,47,6,'2026-06-02 19:30:00','2026-06-02 19:36:50',380,'Completed'),
(48,48,7,'2026-06-02 20:00:00','2026-06-02 20:08:40',520,'Completed'),
(49,49,8,'2026-06-02 20:30:00','2026-06-02 20:37:30',420,'Completed'),
(50,50,9,'2026-06-02 21:00:00','2026-06-02 21:08:20',500,'Completed'),
(51,51,10,'2026-06-03 09:00:00','2026-06-03 09:08:30',510,'Completed'),
(52,52,1,'2026-06-03 09:30:00','2026-06-03 09:36:20',410,'Completed'),
(53,53,2,'2026-06-03 10:00:00','2026-06-03 10:07:40',460,'Completed'),
(54,54,3,'2026-06-03 10:30:00','2026-06-03 10:39:00',510,'Completed'),
(55,55,4,'2026-06-03 11:00:00','2026-06-03 11:06:30',390,'Completed'),
(56,56,5,'2026-06-03 11:30:00','2026-06-03 11:38:15',465,'Completed'),
(57,57,6,'2026-06-03 12:00:00','2026-06-03 12:09:20',560,'Completed'),
(58,58,7,'2026-06-03 12:30:00','2026-06-03 12:36:40',370,'Completed'),
(59,59,8,'2026-06-03 13:00:00','2026-06-03 13:08:10',490,'Completed'),
(60,60,9,'2026-06-03 13:30:00','2026-06-03 13:37:20',440,'Completed'),
(61,61,10,'2026-06-03 14:00:00','2026-06-03 14:08:40',520,'Completed'),
(62,62,1,'2026-06-03 14:30:00','2026-06-03 14:37:10',400,'Completed'),
(63,63,2,'2026-06-03 15:00:00','2026-06-03 15:08:50',530,'Completed'),
(64,64,3,'2026-06-03 15:30:00','2026-06-03 15:36:30',360,'Completed'),
(65,65,4,'2026-06-03 16:00:00','2026-06-03 16:09:00',540,'Completed'),
(66,66,5,'2026-06-03 16:30:00','2026-06-03 16:37:15',405,'Completed'),
(67,67,6,'2026-06-03 17:00:00','2026-06-03 17:08:00',480,'Completed'),
(68,68,7,'2026-06-03 17:30:00','2026-06-03 17:36:20',410,'Completed'),
(69,69,8,'2026-06-03 18:00:00','2026-06-03 18:08:30',510,'Completed'),
(70,70,9,'2026-06-03 18:30:00','2026-06-03 18:37:00',390,'Completed'),
(71,71,10,'2026-06-03 19:00:00','2026-06-03 19:08:20',500,'Completed'),
(72,72,1,'2026-06-03 19:30:00','2026-06-03 19:36:40',430,'Completed'),
(73,73,2,'2026-06-03 20:00:00','2026-06-03 20:08:45',525,'Completed'),
(74,74,3,'2026-06-03 20:30:00','2026-06-03 20:37:30',420,'Completed'),
(75,75,4,'2026-06-03 21:00:00','2026-06-03 21:08:10',490,'Completed'),
(76,76,5,'2026-06-04 09:00:00','2026-06-04 09:07:30',450,'Completed'),
(77,77,6,'2026-06-04 09:30:00','2026-06-04 09:39:10',550,'Completed'),
(78,78,7,'2026-06-04 10:00:00','2026-06-04 10:06:20',380,'Completed'),
(79,79,8,'2026-06-04 10:30:00','2026-06-04 10:08:40',520,'Completed'),
(80,80,9,'2026-06-04 11:00:00','2026-06-04 11:07:15',435,'Completed'),
(81,81,10,'2026-06-04 11:30:00','2026-06-04 11:38:30',480,'Completed'),
(82,82,1,'2026-06-04 12:00:00','2026-06-04 12:08:45',525,'Completed'),
(83,83,2,'2026-06-04 12:30:00','2026-06-04 12:36:10',340,'Completed'),
(84,84,3,'2026-06-04 13:00:00','2026-06-04 13:08:00',480,'Completed'),
(85,85,4,'2026-06-04 13:30:00','2026-06-04 13:39:20',590,'Completed'),
(86,86,5,'2026-06-04 14:00:00','2026-06-04 14:06:45',405,'Completed'),
(87,87,6,'2026-06-04 14:30:00','2026-06-04 14:38:15',465,'Completed'),
(88,88,7,'2026-06-04 15:00:00','2026-06-04 15:07:40',460,'Completed'),
(89,89,8,'2026-06-04 15:30:00','2026-06-04 15:38:50',500,'Completed'),
(90,90,9,'2026-06-04 16:00:00','2026-06-04 16:06:30',390,'Completed'),
(91,91,10,'2026-06-04 16:30:00','2026-06-04 16:39:00',510,'Completed'),
(92,92,1,'2026-06-04 17:00:00','2026-06-04 17:08:20',500,'Completed'),
(93,93,2,'2026-06-04 17:30:00','2026-06-04 17:36:40',430,'Completed'),
(94,94,3,'2026-06-04 18:00:00','2026-06-04 18:07:10',430,'Completed'),
(95,95,4,'2026-06-04 18:30:00','2026-06-04 18:39:10',520,'Completed'),
(96,96,5,'2026-06-04 19:00:00','2026-06-04 19:08:00',480,'Completed'),
(97,97,6,'2026-06-04 19:30:00','2026-06-04 19:37:30',450,'Completed'),
(98,98,7,'2026-06-04 20:00:00','2026-06-04 20:08:40',520,'Completed'),
(99,99,8,'2026-06-04 20:30:00','2026-06-04 20:36:50',380,'Completed'),
(100,100,9,'2026-06-04 21:00:00','2026-06-04 21:08:30',510,'Completed');

select * from Conversations

CREATE TABLE Prompts (
    prompt_id INT PRIMARY KEY,
    conversation_id INT,
    prompt_category VARCHAR(50),
    prompt_text TEXT,
    input_tokens INT,

    FOREIGN KEY (conversation_id)
        REFERENCES Conversations(conversation_id)
);

INSERT INTO Prompts values
(1,1,'Coding','Write a Python program to calculate factorial using recursion.',145),
(2,2,'SQL','Explain the difference between INNER JOIN and LEFT JOIN.',118),
(3,3,'Writing','Write a professional resignation email.',132),
(4,4,'Analytics','Create a Power BI dashboard for sales data.',154),
(5,5,'Math','Solve a quadratic equation using the quadratic formula.',110),
(6,6,'Coding','Write a Java program to reverse a string.',138),
(7,7,'Support','How do I reset my account password?',65),
(8,8,'Coding','Explain Python list comprehension with examples.',149),
(9,9,'SQL','Write a query to find the top 5 highest-paid employees.',170),
(10,10,'Writing','Generate a LinkedIn summary for a Data Analyst.',142),
(11,11,'Analytics','Explain descriptive and predictive analytics.',130),
(12,12,'Coding','Create a REST API using Python Flask.',185),
(13,13,'Support','Troubleshoot slow internet connection.',84),
(14,14,'Math','Calculate compound interest for five years.',116),
(15,15,'SQL','Find duplicate records using SQL.',125),
(16,16,'Coding','Difference between Java and Python.',101),
(17,17,'Writing','Write an email requesting leave for two days.',108),
(18,18,'Analytics','Explain the ETL process in data warehousing.',140),
(19,19,'Coding','Create a C program to implement binary search.',166),
(20,20,'Support','Unable to receive verification email.',70),
(21,21,'SQL','Write a query using GROUP BY and HAVING.',136),
(22,22,'Math','Find the mean, median, and mode of a dataset.',115),
(23,23,'Writing','Write a thank-you email after an interview.',98),
(24,24,'Analytics','Difference between OLTP and OLAP.',122),
(25,25,'Coding','Explain object-oriented programming concepts.',158),
(26,26,'SQL','Write a query to find the second highest salary.',132),
(27,27,'Coding','Create a Python program to check palindrome.',118),
(28,28,'Writing','Draft a project completion email to the client.',104),
(29,29,'Analytics','Explain the star schema and snowflake schema.',156),
(30,30,'Support','How can I update my billing information?',72),
(31,31,'Coding','Write a Java program for bubble sort.',148),
(32,32,'Math','Calculate simple interest with an example.',109),
(33,33,'SQL','Find customers who have never placed an order.',174),
(34,34,'Writing','Write an internship application email.',126),
(35,35,'Analytics','Explain data cleaning techniques.',143),
(36,36,'Coding','Explain Python decorators with example.',181),
(37,37,'Support','Why is my API request returning error 401?',89),
(38,38,'SQL','Difference between DELETE, TRUNCATE and DROP.',137),
(39,39,'Coding','Write a C++ program for linked list.',162),
(40,40,'Writing','Generate a cover letter for SQL Developer.',152),
(41,41,'Analytics','What are KPIs in Business Intelligence?',124),
(42,42,'Math','Solve simultaneous equations.',116),
(43,43,'Coding','Explain multithreading in Java.',168),
(44,44,'Support','Application is loading very slowly.',77),
(45,45,'SQL','Write a query using ROW_NUMBER().',141),
(46,46,'Writing','Write a customer apology email.',96),
(47,47,'Analytics','Explain normalization with examples.',145),
(48,48,'Coding','Create a Python calculator using functions.',159),
(49,49,'SQL','Write a query to display monthly sales.',151),
(50,50,'Support','Unable to download my report.',68),
(51,51,'Coding','Write a Python program to read and write CSV files.',154),
(52,52,'SQL','Find the third highest salary using DENSE_RANK().',168),
(53,53,'Writing','Write a meeting invitation email.',112),
(54,54,'Analytics','Explain the difference between supervised and unsupervised learning.',185),
(55,55,'Support','My subscription payment failed. What should I do?',74),
(56,56,'Coding','Write a Java program to implement inheritance.',162),
(57,57,'Math','Find the standard deviation of a dataset.',136),
(58,58,'SQL','Write a query to retrieve duplicate email addresses.',149),
(59,59,'Writing','Write a formal complaint email.',101),
(60,60,'Analytics','Explain the ETL process with a real-world example.',173),
(61,61,'Coding','Create a Python program to implement binary search.',157),
(62,62,'Support','How do I enable two-factor authentication?',82),
(63,63,'SQL','Explain CTE with an example.',143),
(64,64,'Writing','Write an employee performance appreciation email.',118),
(65,65,'Analytics','What is data visualization and why is it important?',134),
(66,66,'Coding','Explain exception handling in Java.',146),
(67,67,'Math','Solve a linear equation using elimination method.',122),
(68,68,'SQL','Write a query to calculate running totals.',176),
(69,69,'Writing','Generate a professional follow-up email.',108),
(70,70,'Analytics','Explain business intelligence architecture.',151),
(71,71,'Coding','Write a Python function to remove duplicate elements from a list.',164),
(72,72,'Support','I forgot my registered email address.',69),
(73,73,'SQL','Write a query using LAG() function.',171),
(74,74,'Writing','Draft a job offer acceptance email.',115),
(75,75,'Analytics','Explain key differences between OLTP and OLAP.',138),
(76,76,'Coding','Write a Python program to scrape website data using BeautifulSoup.',178),
(77,77,'SQL','Write a query to find customers with the highest purchase amount.',162),
(78,78,'Writing','Draft a professional project status update email.',119),
(79,79,'Analytics','Explain the CRISP-DM methodology in data analytics.',187),
(80,80,'Support','How can I cancel my subscription?',71),
(81,81,'Coding','Write a Java program to implement polymorphism.',155),
(82,82,'Math','Calculate probability using Bayes'' theorem.',148),
(83,83,'SQL','Write a query to display the top 10 products by sales.',169),
(84,84,'Writing','Write a recommendation letter for an employee.',126),
(85,85,'Analytics','Explain the difference between KPI and Metrics.',137),
(86,86,'Coding','Create a Python program to connect with a MySQL database.',181),
(87,87,'Support','Why am I getting a timeout error while logging in?',78),
(88,88,'SQL','Write a query using LEAD() function.',173),
(89,89,'Writing','Generate a professional thank-you email to a client.',112),
(90,90,'Analytics','Explain the role of data warehouses in business analytics.',159),
(91,91,'Coding','Write a C program to implement a stack using arrays.',164),
(92,92,'Math','Calculate the correlation coefficient between two variables.',141),
(93,93,'SQL','Write a query to retrieve employees hired in the last six months.',167),
(94,94,'Writing','Draft an email requesting project deadline extension.',109),
(95,95,'Analytics','Explain the importance of data governance.',145),
(96,96,'Coding','Write a Python function to merge two dictionaries.',133),
(97,97,'Support','How do I change my registered mobile number?',73),
(98,98,'SQL','Write a query to calculate year-over-year sales growth.',176),
(99,99,'Writing','Create a professional LinkedIn post announcing a new job.',121),
(100,100,'Analytics','Explain the difference between Data Lake and Data Warehouse.',182);


select * from Prompts

CREATE TABLE Responses (
    response_id INT PRIMARY KEY,
    prompt_id INT,
    response_text text,
    response_time_ms INT,
    output_tokens INT,
    response_status VARCHAR(20),

    
);
INSERT INTO Responses values
(1,1,'Python recursive factorial program generated successfully.',842,215,'Success'),
(2,2,'Explained INNER JOIN and LEFT JOIN with examples.',615,188,'Success'),
(3,3,'Professional resignation email drafted successfully.',731,176,'Success'),
(4,4,'Power BI dashboard steps explained with KPIs.',1025,245,'Success'),
(5,5,'Quadratic equation solved using standard formula.',694,162,'Success'),
(6,6,'Java string reverse program generated.',812,204,'Success'),
(7,7,'Password reset instructions provided.',438,95,'Success'),
(8,8,'Python list comprehension explained with examples.',954,241,'Success'),
(9,9,'SQL Top 5 highest salary query generated.',876,219,'Success'),
(10,10,'LinkedIn summary created for Data Analyst.',689,171,'Success'),
(11,11,'Descriptive and predictive analytics comparison explained.',913,232,'Success'),
(12,12,'Python Flask REST API example created.',1154,287,'Success'),
(13,13,'Network troubleshooting steps suggested.',582,128,'Success'),
(14,14,'Compound interest calculated successfully.',661,158,'Success'),
(15,15,'Duplicate records SQL query generated.',801,193,'Success'),
(16,16,'Java vs Python comparison completed.',773,186,'Success'),
(17,17,'Leave request email drafted.',544,122,'Success'),
(18,18,'ETL process explained with workflow.',984,247,'Success'),
(19,19,'Binary search program in C generated.',867,213,'Success'),
(20,20,'Verification email troubleshooting provided.',493,109,'Success'),
(21,21,'GROUP BY and HAVING SQL query explained.',846,208,'Success'),
(22,22,'Mean, median and mode calculated with example.',709,166,'Success'),
(23,23,'Interview thank-you email drafted.',618,149,'Success'),
(24,24,'OLTP and OLAP differences explained.',931,235,'Success'),
(25,25,'Object-oriented programming concepts explained.',1017,264,'Success'),
(26,26,'SQL query for finding the second highest salary created using a subquery.',845,206,'Success'),
(27,27,'Python palindrome program generated with explanation.',732,181,'Success'),
(28,28,'Project completion email drafted successfully.',618,156,'Success'),
(29,29,'Star schema and snowflake schema comparison explained.',992,248,'Success'),
(30,30,'Billing information update steps provided.',447,101,'Success'),
(31,31,'Bubble sort program in Java generated.',864,214,'Success'),
(32,32,'Simple interest calculation completed with formula.',651,159,'Success'),
(33,33,'SQL query for customers without orders generated.',1037,266,'Success'),
(34,34,'Internship application email drafted professionally.',703,174,'Success'),
(35,35,'Data cleaning techniques explained with examples.',944,229,'Success'),
(36,36,'Python decorators explained using practical examples.',1092,281,'Success'),
(37,37,'HTTP 401 Unauthorized error troubleshooting provided.',558,132,'Success'),
(38,38,'DELETE, TRUNCATE and DROP differences explained.',881,223,'Success'),
(39,39,'Linked list implementation in C++ generated.',979,245,'Success'),
(40,40,'SQL Developer cover letter generated.',686,169,'Success'),
(41,41,'Business Intelligence KPIs explained.',915,236,'Success'),
(42,42,'Simultaneous equations solved step-by-step.',742,178,'Success'),
(43,43,'Java multithreading concepts explained.',1068,275,'Success'),
(44,44,'Application performance troubleshooting steps suggested.',491,112,'Success'),
(45,45,'ROW_NUMBER() SQL example created.',824,202,'Success'),
(46,46,'Customer apology email drafted.',579,141,'Success'),
(47,47,'Database normalization explained with examples.',968,239,'Success'),
(48,48,'Python calculator program created.',836,211,'Success'),
(49,49,'Monthly sales SQL report query generated.',893,225,'Success'),
(50,50,'Report download issue troubleshooting provided.',454,98,'Success'),
(51,51,'Python CSV file handling example generated successfully.',915,224,'Success'),
(52,52,'DENSE_RANK() query for third highest salary explained.',982,241,'Success'),
(53,53,'Meeting invitation email drafted professionally.',604,154,'Success'),
(54,54,'Supervised and unsupervised learning comparison completed.',1125,289,'Success'),
(55,55,'Subscription payment troubleshooting steps provided.',471,115,'Success'),
(56,56,'Java inheritance example generated.',854,213,'Success'),
(57,57,'Standard deviation calculated with example.',736,179,'Success'),
(58,58,'Duplicate email SQL query generated.',903,228,'Success'),
(59,59,'Formal complaint email drafted successfully.',582,143,'Success'),
(60,60,'ETL process explained with real-world example.',1044,267,'Success'),
(61,61,'Python binary search implementation created.',867,216,'Success'),
(62,62,'Two-factor authentication setup instructions provided.',428,103,'Success'),
(63,63,'Common Table Expression (CTE) explained with SQL example.',918,233,'Success'),
(64,64,'Employee appreciation email generated.',647,162,'Success'),
(65,65,'Importance of data visualization explained.',889,226,'Success'),
(66,66,'Java exception handling demonstrated with code.',961,248,'Success'),
(67,67,'Linear equations solved using elimination method.',721,181,'Success'),
(68,68,'Running total SQL query created using window functions.',1086,278,'Success'),
(69,69,'Professional follow-up email generated.',563,138,'Success'),
(70,70,'Business Intelligence architecture explained.',942,239,'Success'),
(71,71,'Python function to remove duplicates generated.',833,205,'Success'),
(72,72,'Registered email recovery steps provided.',392,96,'Success'),
(73,73,'LAG() function SQL example created.',973,247,'Success'),
(74,74,'Job offer acceptance email drafted.',615,158,'Success'),
(75,75,'OLTP and OLAP comparison explained with examples.',921,232,'Success'),
(76,76,'Python web scraping example using BeautifulSoup generated successfully.',1085,276,'Success'),
(77,77,'SQL query to identify highest purchasing customers created.',952,241,'Success'),
(78,78,'Professional project status update email drafted.',624,161,'Success'),
(79,79,'CRISP-DM methodology explained with practical examples.',1146,295,'Success'),
(80,80,'Subscription cancellation process explained.',401,98,'Success'),
(81,81,'Java polymorphism program generated successfully.',874,217,'Success'),
(82,82,'Bayes theorem solved with a step-by-step example.',941,236,'Success'),
(83,83,'Top 10 products by sales SQL query generated.',986,249,'Success'),
(84,84,'Employee recommendation letter drafted professionally.',683,172,'Success'),
(85,85,'Difference between KPIs and Metrics explained.',891,223,'Success'),
(86,86,'Python MySQL database connection example generated.',1024,259,'Success'),
(87,87,'Timeout error troubleshooting steps provided.',518,118,'Success'),
(88,88,'LEAD() window function explained with SQL example.',1048,267,'Success'),
(89,89,'Professional client thank-you email created.',652,166,'Success'),
(90,90,'Role of data warehouses in business analytics explained.',1015,258,'Success'),
(91,91,'Stack implementation using arrays in C generated.',903,229,'Success'),
(92,92,'Correlation coefficient calculated with example.',824,208,'Success'),
(93,93,'SQL query for employees hired in the last six months created.',979,246,'Success'),
(94,94,'Project deadline extension email drafted professionally.',612,154,'Success'),
(95,95,'Data governance concepts explained with examples.',956,243,'Success'),
(96,96,'Python dictionary merge function generated.',784,194,'Success'),
(97,97,'Registered mobile number update instructions provided.',436,101,'Success'),
(98,98,'Year-over-year sales growth SQL query generated.',1078,281,'Success'),
(99,99,'LinkedIn announcement post created successfully.',698,179,'Success'),
(100,100,'Data Lake and Data Warehouse comparison explained.',1037,265,'Success');


CREATE TABLE Feedback (
    feedback_id INT PRIMARY KEY,
    conversation_id INT,
    rating INT,
    feedback_text VARCHAR(255),
    submitted_date DATE
);
INSERT INTO Feedback values
(1,1,5,'Excellent response. Solved my problem quickly.','2026-06-01'),
(2,2,4,'Very helpful explanation with examples.','2026-06-01'),
(3,3,5,'Professional email generated perfectly.','2026-06-01'),
(4,4,4,'Power BI dashboard explanation was clear.','2026-06-01'),
(5,5,5,'Math solution was accurate and easy to understand.','2026-06-01'),
(6,6,4,'Java code worked as expected.','2026-06-01'),
(7,7,3,'Issue resolved but response could be more detailed.','2026-06-01'),
(8,8,5,'Python explanation was excellent.','2026-06-01'),
(9,9,5,'SQL query worked perfectly.','2026-06-01'),
(10,10,4,'LinkedIn summary was good.','2026-06-01'),
(11,11,5,'Analytics concepts explained clearly.','2026-06-01'),
(12,12,5,'REST API example was very useful.','2026-06-01'),
(13,13,3,'Support instructions were helpful.','2026-06-01'),
(14,14,4,'Compound interest calculation was correct.','2026-06-01'),
(15,15,5,'Duplicate record query executed successfully.','2026-06-01'),
(16,16,4,'Comparison between Java and Python was useful.','2026-06-01'),
(17,17,5,'Leave email was well written.','2026-06-01'),
(18,18,5,'ETL explanation was easy to understand.','2026-06-01'),
(19,19,4,'Binary search program worked correctly.','2026-06-01'),
(20,20,3,'Problem solved after following the steps.','2026-06-01'),
(21,21,5,'GROUP BY query was explained well.','2026-06-01'),
(22,22,4,'Statistics explanation was clear.','2026-06-01'),
(23,23,5,'Interview thank-you email looked professional.','2026-06-01'),
(24,24,5,'OLTP vs OLAP explanation was excellent.','2026-06-01'),
(25,25,4,'OOP concepts explained with good examples.','2026-06-01'),
(26,26,5,'The SQL solution was accurate and easy to understand.','2026-06-02'),
(27,27,4,'Palindrome program worked perfectly.','2026-06-02'),
(28,28,5,'Project completion email was professionally written.','2026-06-02'),
(29,29,5,'Schema comparison was detailed and helpful.','2026-06-02'),
(30,30,3,'Billing instructions solved my issue.','2026-06-02'),
(31,31,4,'Bubble sort example was easy to follow.','2026-06-02'),
(32,32,4,'Interest calculation was accurate.','2026-06-02'),
(33,33,5,'Customer query returned the expected results.','2026-06-02'),
(34,34,5,'Internship email looked professional.','2026-06-02'),
(35,35,4,'Data cleaning explanation was useful.','2026-06-02'),
(36,36,5,'Decorators were explained with practical examples.','2026-06-02'),
(37,37,3,'API error solution was helpful.','2026-06-02'),
(38,38,5,'Database command differences were explained clearly.','2026-06-02'),
(39,39,4,'Linked list implementation worked correctly.','2026-06-02'),
(40,40,5,'Cover letter matched my requirements.','2026-06-02'),
(41,41,4,'KPI explanation was easy to understand.','2026-06-02'),
(42,42,5,'Math solution was correct and detailed.','2026-06-02'),
(43,43,5,'Multithreading concepts were explained well.','2026-06-02'),
(44,44,3,'Performance issue was resolved.','2026-06-02'),
(45,45,5,'ROW_NUMBER() example was perfect.','2026-06-02'),
(46,46,4,'Apology email sounded professional.','2026-06-02'),
(47,47,5,'Normalization concepts were very clear.','2026-06-02'),
(48,48,5,'Python calculator program executed successfully.','2026-06-02'),
(49,49,4,'Monthly sales report query was useful.','2026-06-02'),
(50,50,3,'Download issue was fixed after following the steps.','2026-06-02'),
(51,51,5,'CSV file handling example was very helpful.','2026-06-03'),
(52,52,5,'DENSE_RANK() explanation was clear and easy to follow.','2026-06-03'),
(53,53,4,'Meeting invitation email met my expectations.','2026-06-03'),
(54,54,5,'Machine learning concepts were explained perfectly.','2026-06-03'),
(55,55,3,'Payment issue was resolved successfully.','2026-06-03'),
(56,56,4,'Inheritance example worked correctly.','2026-06-03'),
(57,57,5,'Standard deviation calculation was accurate.','2026-06-03'),
(58,58,4,'SQL duplicate email query was useful.','2026-06-03'),
(59,59,5,'Complaint email sounded professional.','2026-06-03'),
(60,60,5,'ETL workflow explanation was excellent.','2026-06-03'),
(61,61,4,'Binary search code executed successfully.','2026-06-03'),
(62,62,5,'Two-factor authentication steps were easy to understand.','2026-06-03'),
(63,63,5,'CTE example made SQL easier to understand.','2026-06-03'),
(64,64,4,'Employee appreciation email was well written.','2026-06-03'),
(65,65,5,'Data visualization concepts were explained clearly.','2026-06-03'),
(66,66,4,'Exception handling example was useful.','2026-06-03'),
(67,67,5,'Math explanation was simple and accurate.','2026-06-03'),
(68,68,5,'Running total SQL query worked perfectly.','2026-06-03'),
(69,69,4,'Follow-up email looked professional.','2026-06-03'),
(70,70,5,'Business Intelligence architecture explanation was excellent.','2026-06-03'),
(71,71,5,'Python duplicate removal function worked correctly.','2026-06-03'),
(72,72,3,'Email recovery instructions solved the problem.','2026-06-03'),
(73,73,5,'LAG() function explanation was excellent.','2026-06-03'),
(74,74,5,'Acceptance email was professional and concise.','2026-06-03'),
(75,75,4,'OLTP and OLAP comparison was very informative.','2026-06-03'),
(76,76,5,'Web scraping example was accurate and easy to implement.','2026-06-04'),
(77,77,5,'Customer analysis SQL query worked perfectly.','2026-06-04'),
(78,78,4,'Project status email was professional and clear.','2026-06-04'),
(79,79,5,'CRISP-DM explanation was detailed and informative.','2026-06-04'),
(80,80,3,'Subscription cancellation steps solved my issue.','2026-06-04'),
(81,81,5,'Java polymorphism example was excellent.','2026-06-04'),
(82,82,4,'Bayes theorem explanation was simple and correct.','2026-06-04'),
(83,83,5,'Top 10 products SQL query returned expected results.','2026-06-04'),
(84,84,5,'Recommendation letter was professionally written.','2026-06-04'),
(85,85,4,'KPI and Metrics comparison was very helpful.','2026-06-04'),
(86,86,5,'Python MySQL connection example worked successfully.','2026-06-04'),
(87,87,3,'Timeout issue was resolved after following the instructions.','2026-06-04'),
(88,88,5,'LEAD() function example was clear and useful.','2026-06-04'),
(89,89,4,'Client thank-you email looked professional.','2026-06-04'),
(90,90,5,'Data warehouse concepts were explained very well.','2026-06-04'),
(91,91,4,'Stack implementation program compiled successfully.','2026-06-04'),
(92,92,5,'Correlation calculation was accurate and easy to follow.','2026-06-04'),
(93,93,5,'Employee hiring SQL query worked correctly.','2026-06-04'),
(94,94,4,'Deadline extension email was well drafted.','2026-06-04'),
(95,95,5,'Data governance explanation was comprehensive.','2026-06-04'),
(96,96,5,'Dictionary merge function worked perfectly.','2026-06-04'),
(97,97,3,'Mobile number update instructions solved my problem.','2026-06-04'),
(98,98,5,'Year-over-year sales query produced accurate results.','2026-06-04'),
(99,99,5,'LinkedIn post was engaging and professional.','2026-06-04'),
(100,100,5,'Data Lake vs Data Warehouse comparison was excellent.','2026-06-04');




---1) premium user
SELECT *
FROM Users
WHERE subscription_type='Premium';

--2) Used by Country
SELECT country,
COUNT(*) AS Users
FROM Users
GROUP BY country;

